{
  "structures": [
    {
      "structure": "dominium:blackstone_vault",
      "weight": 1
    },
    {
      "structure": "dominium:nether_factory",
      "weight": 1
    },
    {
      "structure": "dominium:nether_fort",
      "weight": 1
    },
    {
      "structure": "dominium:nether_ice_cube",
      "weight": 1
    },
    {
      "structure": "dominium:nether_stairway",
      "weight": 1
    },
    {
      "structure": "dominium:soul_sand_ruin",
      "weight": 1
    }
  ],
  "placement": {
    "type": "minecraft:random_spread",
    "spacing": 4,
    "separation": 2,
    "salt": 2352362
  }
}